"Reference","Qty","Value","DNP","Exclude from BOM","Exclude from Board","Exclude from Simulation","Exclude from Position Files","Footprint","Datasheet","LCSC"
"C3","1","10nF","","","","","${EXCLUDE_FROM_POS_FILES}","Capacitor_SMD:C_0402_1005Metric","","C15195"
"C4","1","4.7uF","","","","","${EXCLUDE_FROM_POS_FILES}","Capacitor_SMD:C_0603_1608Metric","","C19666"
"C7,C8,C9,C10,C11","5","10uF","","","","","${EXCLUDE_FROM_POS_FILES}","Capacitor_SMD:C_0805_2012Metric","","C15850"
"C12,C13,C14,C16,C19,C20,C22,C23","8","100nF","","","","","${EXCLUDE_FROM_POS_FILES}","Capacitor_SMD:C_0402_1005Metric","","C1525"
"C15","1","4.7nF","","","","","${EXCLUDE_FROM_POS_FILES}","Capacitor_SMD:C_0805_2012Metric","","C1744"
"C17,C18,C21","3","1uF","","","","","${EXCLUDE_FROM_POS_FILES}","Capacitor_SMD:C_0603_1608Metric","","C15849"
"D1","1","D_Schottky","","","","","${EXCLUDE_FROM_POS_FILES}","Diode_SMD:D_SOD-123","","C8598"
"D2","1","LED_Red","","","","","${EXCLUDE_FROM_POS_FILES}","LED_SMD:LED_0805_2012Metric","","C84256"
"D3","1","LED_Green","","","","","${EXCLUDE_FROM_POS_FILES}","LED_SMD:LED_0805_2012Metric","","C2297"
"J2,J3","2","Conn_01x04","","","","","${EXCLUDE_FROM_POS_FILES}","Connector_JST:JST_PH_B4B-PH-K_1x04_P2.00mm_Vertical","",""
"J4","1","Conn_01x03","","","","","${EXCLUDE_FROM_POS_FILES}","Connector_PinHeader_2.54mm:PinHeader_1x03_P2.54mm_Vertical","",""
"J6,J7","2","Conn_01x05","","","","","${EXCLUDE_FROM_POS_FILES}","Connector_PinHeader_2.54mm:PinHeader_1x05_P2.54mm_Vertical","",""
"L1,L2","2","15uH","","","","","${EXCLUDE_FROM_POS_FILES}","Inductor_SMD:L_1008_2520Metric","","C5832376"
"R1,R2","2","200","","","","","${EXCLUDE_FROM_POS_FILES}","Resistor_SMD:R_0603_1608Metric","","C8218"
"R3","1","100","","","","","${EXCLUDE_FROM_POS_FILES}","Resistor_SMD:R_0603_1608Metric","","C122970"
"R5","1","1.8M","","","","","${EXCLUDE_FROM_POS_FILES}","Resistor_SMD:R_0402_1005Metric","","C2933079"
"R6","1","576K","","","","","${EXCLUDE_FROM_POS_FILES}","Resistor_SMD:R_0402_1005Metric","","C2933079"
"R8","1","1.1M","","","","","${EXCLUDE_FROM_POS_FILES}","Resistor_SMD:R_0402_1005Metric","","C2930013"
"R9","1","210K","","","","","${EXCLUDE_FROM_POS_FILES}","Resistor_SMD:R_0402_1005Metric","","C2998176"
"R11,R16","2","75","","","","","${EXCLUDE_FROM_POS_FILES}","Resistor_SMD:R_0603_1608Metric","","C4275"
"R17,R18,R19,R20","4","10K","","","","","${EXCLUDE_FROM_POS_FILES}","Resistor_SMD:R_0402_1005Metric","","C25744"
"R21,R22,R23,R24,R25,R26","6","100K","","","","","${EXCLUDE_FROM_POS_FILES}","Capacitor_SMD:C_0402_1005Metric","","C25741"
"SW1","1","SW_DIP_x04","","","","","${EXCLUDE_FROM_POS_FILES}","Button_Switch_THT:SW_DIP_SPSTx04_Slide_9.78x12.34mm_W7.62mm_P2.54mm","",""
"U1","1","SGX-7OX","","","","","${EXCLUDE_FROM_POS_FILES}","CustomFootprints:SGX-7OX","",""
"U2","1","CBLW 24C02","","","","","${EXCLUDE_FROM_POS_FILES}","Package_TO_SOT_SMD:SOT-23-5","","C18723540"
"U3","1","ADS1115IDGS","","","","","${EXCLUDE_FROM_POS_FILES}","Package_SO:TSSOP-10_3x3mm_P0.5mm","http://www.ti.com/lit/ds/symlink/ads1113.pdf","C37593"
"U4,U10","2","TPS62125DSG","","","","","${EXCLUDE_FROM_POS_FILES}","Package_SON:Texas_DSG0008A_WSON-8-1EP_2x2mm_P0.5mm_EP0.9x1.6mm","http://www.ti.com/lit/ds/symlink/tps62125.pdf","C324076"
"U5","1","MS5611-01BA","","","","","${EXCLUDE_FROM_POS_FILES}","Package_LGA:LGA-8_3x5mm_P1.25mm","https://www.te.com/commerce/DocumentDelivery/DDEController?Action=srchrtrv&DocNm=MS5611-01BA03&DocType=Data+Sheet&DocLang=English","C15639"
"U6","1","SHT4x","","","","","${EXCLUDE_FROM_POS_FILES}","Sensor_Humidity:Sensirion_DFN-4_1.5x1.5mm_P0.8mm_SHT4x_NoCentralPad","https://sensirion.com/media/documents/33FD6951/624C4357/Datasheet_SHT4x.pdf","C2909890"
"U7","1","STC31-C","","","","","${EXCLUDE_FROM_POS_FILES}","CustomFootprints:STC31-C-R5","","C22396918"
"U8","1","TJA1042T-3","","","","","${EXCLUDE_FROM_POS_FILES}","Package_SO:SOIC-8_3.9x4.9mm_P1.27mm","http://www.nxp.com/docs/en/data-sheet/TJA1042.pdf","C132227"
"U9","1","STM32L432KBUx","","","","","${EXCLUDE_FROM_POS_FILES}","Package_DFN_QFN:QFN-32-1EP_5x5mm_P0.5mm_EP3.45x3.45mm","https://www.st.com/resource/en/datasheet/stm32l432kb.pdf","C2928224"
