Designator,Footprint,Quantity,Value,LCSC Part #
"C10, C11, C7, C8, C9",0805,5,10uF,C15850
"C12, C13, C14, C16, C19, C20, C22, C23",0402,8,100nF,C1525
C15,0805,1,4.7nF,C1744
"C17, C18, C21",0603,3,1uF,C15849
C3,0402,1,10nF,C15195
C4,0603,1,4.7uF,C19666
D1,D_SOD-123,1,D_Schottky,C8598
D2,0805,1,LED_Red,C84256
D3,0805,1,LED_Green,C2297
"J2, J3",JST_PH_B4B-PH-K_1x04_P2.00mm_Vertical,2,Conn_01x04,
J4,PinHeader_1x03_P2.54mm_Vertical,1,Conn_01x03,
"J6, J7",PinHeader_1x05_P2.54mm_Vertical,2,Conn_01x05,
"L1, L2",1008,2,15uH,C5832376
"R1, R2",0603,2,200,C8218
"R11, R16",0603,2,75,C4275
"R17, R18, R19, R20",0402,4,10K,C25744
"R21, R22, R23, R24, R25, R26",0402,6,100K,C25741
R3,0603,1,100,C122970
R5,0402,1,1.8M,C2933079
R6,0402,1,576K,C2085028
R8,0402,1,1.1M,C2930013
R9,0402,1,210K,C2998176
SW1,SW_DIP_SPSTx04_Slide_9.78x12.34mm_W7.62mm_P2.54mm,1,SW_DIP_x04,
U1,SGX-7OX,1,SGX-7OX,
"U10, U4",Texas_DSG0008A_WSON-8-1EP_2x2mm_P0.5mm_EP0.9x1.6mm,2,TPS62125DSG,C324076
U2,SOT-23-5,1,CBLW 24C02,C18723540
U3,TSSOP-10_3x3mm_P0.5mm,1,ADS1115IDGS,C37593
U5,LGA-8_3x5mm_P1.25mm,1,MS5611-01BA,C15639
U6,Sensirion_DFN-4_1.5x1.5mm_P0.8mm_SHT4x_NoCentralPad,1,SHT4x,C2909890
U7,STC31-C-R5,1,STC31-C,C22396918
U8,SOIC-8_3.9x4.9mm_P1.27mm,1,TJA1042T-3,C132227
U9,QFN-32-1EP_5x5mm_P0.5mm_EP3.45x3.45mm,1,STM32L432KBUx,C2928224
