Designator,Mid X,Mid Y,Rotation,Layer
C10,165.27,-78.25,90.0,top
C11,163.02,-78.25,90.0,top
C12,144.5,-111.75,270.0,top
C13,154.75,-108.77,90.0,top
C14,157.215,-112.95,270.0,top
C15,176.25,-97.5,180.0,top
C16,169.98,-103.75,0.0,top
C17,164.98,-100.25,90.0,top
C18,154.5,-92.5,0.0,top
C19,156.0,-88.75,270.0,top
C20,164.25,-93.875,90.0,top
C21,147.6,-92.8,180.0,top
C22,145.5,-104.5,0.0,top
C23,148.4,-96.0,270.0,top
C3,155.0,-91.0,0.0,top
C4,154.25,-88.25,270.0,top
C7,164.25,-68.75,90.0,top
C8,156.02,-78.5,90.0,top
C9,158.75,-68.75,90.0,top
D1,169.27,-68.5,270.0,top
D2,159.5,-98.0,90.0,top
D3,157.0,-98.0,90.0,top
H1,99.5,-66.5,0.0,top
H2,99.5,-114.5,0.0,top
H3,177.5,-66.5,0.0,top
H4,177.5,-114.5,0.0,top
J1,167.23,-85.135,0.0,top
J2,166.65,-113.35,180.0,top
J3,175.45,-90.5,90.0,top
J4,176.75,-76.54,0.0,top
J6,107.0,-74.58,0.0,top
J7,116.75,-74.58,0.0,top
JP1,177.0,-106.5,0.0,top
L1,158.77,-78.5,270.0,top
L2,168.02,-78.25,270.0,top
R1,159.5,-101.5,270.0,top
R11,176.0,-99.75,0.0,top
R16,176.0,-101.5,180.0,top
R17,158.0,-87.0,180.0,top
R18,150.4,-90.4,270.0,top
R19,151.5,-103.5,180.0,top
R2,157.0,-101.5,270.0,top
R20,151.75,-101.25,180.0,top
R21,155.02,-72.0,0.0,top
R22,143.68,-68.8,0.0,top
R23,143.68,-67.5,0.0,top
R24,143.68,-66.3,0.0,top
R25,143.68,-65.1,0.0,top
R26,167.74,-72.25,0.0,top
R3,145.555,-103.13,0.0,top
R5,155.02,-73.25,0.0,top
R6,155.02,-74.5,0.0,top
R8,167.76,-73.5,0.0,top
R9,167.76,-74.75,0.0,top
SW1,133.0125,-70.81,90.0,top
U1,123.25,-101.0,270.0,top
U10,158.77,-73.55,0.0,top
U2,147.3625,-90.05,180.0,top
U3,146.0,-98.5,0.0,top
U4,164.02,-73.45,0.0,top
U5,147.25,-112.0,0.0,top
U6,152.75,-108.77,0.0,top
U7,153.525,-113.45,90.0,top
U8,169.98,-100.25,270.0,top
U9,160.25,-91.3125,90.0,top
